{
  "test_images_count": 324,
  "accuracy": 0.8487654320987654,
  "precision": 0.870563261780582,
  "recall": 0.8487654320987654,
  "f1_score": 0.8524811013257098,
  "per_class_metrics": {
    "Barisa'71'84'96": {
      "precision": 0.7272727272727273,
      "recall": 0.8888888888888888,
      "f1_score": 0.8,
      "support": 9
    },
    "Barisa'71'84'96'03": {
      "precision": 0.3333333333333333,
      "recall": 0.3333333333333333,
      "f1_score": 0.3333333333333333,
      "support": 3
    },
    "Barisa'71'84'96'03'14": {
      "precision": 1.0,
      "recall": 0.9,
      "f1_score": 0.9473684210526315,
      "support": 10
    },
    "Barisa'71'84'98'13": {
      "precision": 0.9090909090909091,
      "recall": 1.0,
      "f1_score": 0.9523809523809523,
      "support": 10
    },
    "Barisa'71'85'96'09": {
      "precision": 0.3333333333333333,
      "recall": 1.0,
      "f1_score": 0.5,
      "support": 1
    },
    "Beria'67'82'02": {
      "precision": 0.8333333333333334,
      "recall": 0.8333333333333334,
      "f1_score": 0.8333333333333334,
      "support": 6
    },
    "Elzia'73'85'04'10": {
      "precision": 0.9090909090909091,
      "recall": 1.0,
      "f1_score": 0.9523809523809523,
      "support": 10
    },
    "Keriia'68'82'02": {
      "precision": 1.0,
      "recall": 0.75,
      "f1_score": 0.8571428571428571,
      "support": 12
    },
    "Keriia'68'82'02'12": {
      "precision": 0.7857142857142857,
      "recall": 0.9166666666666666,
      "f1_score": 0.8461538461538461,
      "support": 12
    },
    "Lipkira'72'83'96'03": {
      "precision": 0.9333333333333333,
      "recall": 0.875,
      "f1_score": 0.9032258064516129,
      "support": 16
    },
    "Lipkira'72'83'96'03'12": {
      "precision": 1.0,
      "recall": 0.6666666666666666,
      "f1_score": 0.8,
      "support": 9
    },
    "Lisia'72'78'94'04'10": {
      "precision": 0.7777777777777778,
      "recall": 0.875,
      "f1_score": 0.8235294117647058,
      "support": 8
    },
    "Lisia'72'85'94'04'12": {
      "precision": 0.625,
      "recall": 0.7142857142857143,
      "f1_score": 0.6666666666666666,
      "support": 7
    },
    "Pet'79'00": {
      "precision": 0.6666666666666666,
      "recall": 1.0,
      "f1_score": 0.8,
      "support": 2
    },
    "Pet'79'96'06": {
      "precision": 0.6,
      "recall": 1.0,
      "f1_score": 0.75,
      "support": 3
    },
    "Pet'79'96'06'13": {
      "precision": 0.6666666666666666,
      "recall": 0.8,
      "f1_score": 0.7272727272727273,
      "support": 5
    },
    "Pet'79'96'08'14": {
      "precision": 0.8,
      "recall": 0.8888888888888888,
      "f1_score": 0.8421052631578947,
      "support": 9
    },
    "Pet'79'98": {
      "precision": 1.0,
      "recall": 1.0,
      "f1_score": 1.0,
      "support": 4
    },
    "Pet'79'98'14": {
      "precision": 1.0,
      "recall": 0.9,
      "f1_score": 0.9473684210526315,
      "support": 10
    },
    "Pet'88'04'09": {
      "precision": 0.5,
      "recall": 0.5,
      "f1_score": 0.5,
      "support": 2
    },
    "Pet'88'94'11": {
      "precision": 1.0,
      "recall": 0.8,
      "f1_score": 0.8888888888888888,
      "support": 5
    },
    "Pet'88'98": {
      "precision": 0.8,
      "recall": 0.5714285714285714,
      "f1_score": 0.6666666666666666,
      "support": 7
    },
    "Pet'88'98'03": {
      "precision": 1.0,
      "recall": 0.7857142857142857,
      "f1_score": 0.88,
      "support": 14
    },
    "Pet'88'98'03'08m": {
      "precision": 1.0,
      "recall": 0.9090909090909091,
      "f1_score": 0.9523809523809523,
      "support": 11
    },
    "Pet'88'98'06": {
      "precision": 0.8,
      "recall": 0.8,
      "f1_score": 0.8,
      "support": 5
    },
    "Pet'88'98'10": {
      "precision": 0.8571428571428571,
      "recall": 0.9230769230769231,
      "f1_score": 0.8888888888888888,
      "support": 13
    },
    "Pet'92'03": {
      "precision": 0.9411764705882353,
      "recall": 0.8888888888888888,
      "f1_score": 0.9142857142857143,
      "support": 18
    },
    "Pet'92'03'08": {
      "precision": 0.9166666666666666,
      "recall": 0.7857142857142857,
      "f1_score": 0.8461538461538461,
      "support": 14
    },
    "Pet'92'09": {
      "precision": 0.9,
      "recall": 0.8181818181818182,
      "f1_score": 0.8571428571428571,
      "support": 22
    },
    "Pet'92'99'05": {
      "precision": 0.0,
      "recall": 0.0,
      "f1_score": 0.0,
      "support": 1
    },
    "Pet'92'99'05'13": {
      "precision": 0.9285714285714286,
      "recall": 0.8125,
      "f1_score": 0.8666666666666667,
      "support": 16
    },
    "Tera'68'73'85'93'02": {
      "precision": 0.5,
      "recall": 0.6666666666666666,
      "f1_score": 0.5714285714285714,
      "support": 3
    },
    "Tera'68'73'85'93'13": {
      "precision": 0.875,
      "recall": 0.875,
      "f1_score": 0.875,
      "support": 8
    },
    "Tera'68'73'85'96'02": {
      "precision": 0.8,
      "recall": 1.0,
      "f1_score": 0.8888888888888888,
      "support": 8
    },
    "Tera'68'73'89'01": {
      "precision": 0.7142857142857143,
      "recall": 0.9090909090909091,
      "f1_score": 0.8,
      "support": 11
    },
    "Tera'68'73'89'97'04": {
      "precision": 0.7777777777777778,
      "recall": 1.0,
      "f1_score": 0.875,
      "support": 7
    },
    "Tera'68'73'89'97'06'13": {
      "precision": 1.0,
      "recall": 1.0,
      "f1_score": 1.0,
      "support": 5
    },
    "Tera'68'73'92'08": {
      "precision": 1.0,
      "recall": 0.75,
      "f1_score": 0.8571428571428571,
      "support": 8
    }
  },